{
    "_id": "1",
    "name": "楼宇"
}
{
    "_id": "2",
    "name": "图书馆"
}
{
    "_id": "3",
    "name": "二级学院"
}
{
    "_id": "4",
    "name": "校门"
}
{
    "_id": "5",
    "name": "会议厅"
}
{
    "_id": "6",
    "name": "体育场馆"
}
{
    "_id": "7",
    "name": "广场"
}
{
    "_id": "8",
    "name": "风景"
}
{
    "_id": "9",
    "name": "美食"
}
{
    "_id": "10",
    "name": "学生服务"
}
{
    "_id": "11",
    "name": "生活服务"
}
{
    "_id": "12",
    "name": "宿舍公寓"
}
{
    "_id": "13",
    "name": "其他"
}