{
    "description": "项目私有配置文件。此文件中的内容将覆盖 project.config.json 中的相同字段。项目的改动优先同步到此文件中。详见文档：https://developers.weixin.qq.com/miniprogram/dev/devtools/projectconfig.html",
    "projectname": "%E4%BA%91%E5%BC%80%E5%8F%91%E9%A1%B9%E7%9B%AE(%E5%92%8C%E9%A3%8E%E5%A4%A9%E6%B0%94)",
    "setting": {
        "compileHotReLoad": true
    },
    "libVersion": "3.7.10",
    "condition": {
        "miniprogram": {
            "list": [
                {
                    "name": "pages/map/admin/admin",
                    "pathName": "pages/admin/admin",
                    "query": "",
                    "launchMode": "default",
                    "scene": null
                }
            ]
        }
    }
}